,,,
Ayato,Beidou,Fischl,Kazuha
Ayato,Beidou,Fischl,Venti
Ayaka,Xiangling,Xingqiu,Yelan
Ayato,Beidou,Fischl,Venti
Fischl,Raiden,Sucrose,Yelan
Fischl,Sucrose,Yae,Yelan
Fischl,Xingqiu,Yoimiya,Yun Jin
Raiden,Sucrose,Xiangling,Yae
Raiden,Venti,Xiangling,Xingqiu
Ayaka,Xiangling,Xingqiu,Yelan
Fischl,Kaeya,Lisa,Xingqiu
Fischl,Kazuha,Raiden,Xingqiu
Fischl,Sucrose,Xingqiu,Yelan
Hu Tao,Kazuha,Mona,Xiangling
Hu Tao,Kazuha,Sucrose,Yoimiya
Keqing,Sucrose,Xiangling,Yae
Albedo,Fischl,Gorou,Itto
Ayaka,Eula,Raiden,Yelan
Ayaka,Fischl,Raiden,Xingqiu
Ayato,Beidou,Fischl,Kazuha
Fischl,Kazuha,Raiden,Xingqiu
Fischl,Raiden,Xingqiu,Yelan
Fischl,Sucrose,Thoma,Yanfei
Fischl,Sucrose,Xingqiu,Yelan
Hu Tao,Kazuha,Mona,Rosaria
Hu Tao,Kazuha,Sucrose,Yoimiya
Kazuha,Mona,Raiden,Yelan
Kazuha,Raiden,Sara,Yelan
Kazuha,Raiden,Xingqiu,Yelan
Beidou,Fischl,Kazuha,Yelan
Kazuha,Raiden,Xingqiu,Yelan
Mona,Raiden,Sara,Yelan
Ayaka,Eula,Raiden,Yelan
Ayato,Fischl,Kazuha,Xingqiu
Fischl,Raiden,Sucrose,Yae
Fischl,Sucrose,Xingqiu,Yelan
Hu Tao,Kazuha,Mona,Yelan
Kazuha,Raiden,Xingqiu,Yelan
Ayato,Fischl,Kazuha,Yelan
Collei,Raiden,Sucrose,Yae
Fischl,Raiden,Xingqiu,Yelan
Kazuha,Raiden,Xingqiu,Yelan
Albedo,Traveler,Yae,Zhongli
Amber,Bennett,Traveler,Xiangling
Ayato,Kazuha,Shinobu,Traveler
Ayato,Shinobu,Traveler,Yelan
Barbara,Collei,Nilou,Traveler
Beidou,Cyno,Traveler,Xingqiu
Beidou,Fischl,Traveler,Xingqiu
Bennett,Kazuha,Raiden,Traveler
Bennett,Kazuha,Traveler,Xingqiu
Bennett,Raiden,Sara,Traveler
Bennett,Raiden,Traveler,Xingqiu
Bennett,Raiden,Traveler,Yae
Bennett,Raiden,Traveler,Yelan
Bennett,Razor,Traveler,Xingqiu
Bennett,Traveler,Xiangling,Xingqiu
Bennett,Traveler,Yae,Yelan
Bennett,Traveler,Yelan,Yoimiya
Collei,Kokomi,Nilou,Traveler
Collei,Shinobu,Traveler,Xingqiu
Collei,Shinobu,Traveler,Yelan
Cyno,Diona,Kazuha,Traveler
Cyno,Fischl,Kokomi,Traveler
Cyno,Fischl,Traveler,Zhongli
Cyno,Kazuha,Shinobu,Traveler
Cyno,Raiden,Traveler,Zhongli
Cyno,Shinobu,Traveler,Xingqiu
Fischl,Kazuha,Kokomi,Traveler
Fischl,Kazuha,Shinobu,Traveler
Fischl,Keqing,Traveler,Zhongli
Fischl,Kokomi,Tighnari,Traveler
Fischl,Kokomi,Traveler,Venti
Fischl,Raiden,Traveler,Zhongli
Fischl,Shinobu,Traveler,Xingqiu
Gorou,Itto,Traveler,Zhongli
Hu Tao,Traveler,Xingqiu,Zhongli
Hu Tao,Traveler,Yelan,Zhongli
Jean,Raiden,Traveler,Yae
Jean,Raiden,Traveler,Yelan
Jean,Traveler,Xiao,Zhongli
Kazuha,Keqing,Kokomi,Traveler
Kazuha,Keqing,Shinobu,Traveler
Kazuha,Kokomi,Raiden,Traveler
Kazuha,Kokomi,Traveler,Yae
Kazuha,Shinobu,Traveler,Yae
Kazuha,Traveler,Yae,Zhongli
Keqing,Kokomi,Raiden,Traveler
Kokomi,Nilou,Traveler,Xingqiu
Kokomi,Nilou,Traveler,Yelan
Kokomi,Raiden,Traveler,Yelan
Kokomi,Sucrose,Traveler,Xiangling
Kokomi,Sucrose,Traveler,Yae
Kokomi,Traveler,Venti,Yae
Nilou,Shinobu,Traveler,Xingqiu
Raiden,Shinobu,Traveler,Xingqiu
Raiden,Traveler,Xingqiu,Zhongli
Raiden,Traveler,Yelan,Zhongli
Shinobu,Sucrose,Traveler,Xingqiu
Shinobu,Tighnari,Traveler,Yae
Albedo,Collei,Cyno,Fischl
Albedo,Collei,Fischl,Keqing
Albedo,Fischl,Tighnari,Yae
Albedo,Gorou,Itto,Yelan
Albedo,Nahida,Raiden,Tartaglia
Albedo,Nahida,Raiden,Xingqiu
Ayato,Beidou,Cyno,Nahida
Ayato,Collei,Fischl,Raiden
Ayato,Fischl,Nahida,Raiden
Beidou,Collei,Fischl,Sucrose
Chongyun,Shenhe,Thoma,Yun Jin
Collei,Cyno,Fischl,Razor
Collei,Cyno,Fischl,Sucrose
Collei,Cyno,Fischl,Xingqiu
Collei,Cyno,Fischl,Yun Jin
Collei,Fischl,Kazuha,Raiden
Collei,Fischl,Kazuha,Venti
Collei,Fischl,Raiden,Sucrose
Collei,Fischl,Razor,Xingqiu
Collei,Fischl,Sucrose,Xingqiu
Collei,Fischl,Sucrose,Yae
Collei,Fischl,Xiao,Xingqiu
Collei,Kaeya,Mona,Xinyan
Collei,Kazuha,Raiden,Yae
Collei,Nilou,Xingqiu,Yelan
Collei,Raiden,Sucrose,Xingqiu
Collei,Raiden,Xingqiu,Yelan
Cyno,Fischl,Nahida,Xingqiu
Cyno,Fischl,Nahida,Yelan
Eula,Nahida,Raiden,Shenhe
Eula,Nahida,Raiden,Xingqiu
Eula,Raiden,Rosaria,Xinyan
Fischl,Heizou,Keqing,Nahida
Fischl,Kazuha,Nahida,Raiden
Fischl,Kazuha,Nahida,Yae
Fischl,Kazuha,Tartaglia,Thoma
Fischl,Kazuha,Tighnari,Yae
Fischl,Kazuha,Xingqiu,Yelan
Fischl,Keqing,Nahida,Xingqiu
Fischl,Nahida,Raiden,Xingqiu
Fischl,Nahida,Sucrose,Xingqiu
Fischl,Nahida,Sucrose,Yae
Fischl,Nahida,Tighnari,Yae
Fischl,Nahida,Xiangling,Xingqiu
Fischl,Sucrose,Tighnari,Yae
Fischl,Sucrose,TravelerDendro,Xingqiu
Fischl,Xingqiu,Yelan,Yoimiya
Ganyu,Gorou,Rosaria,Xingqiu
Kazuha,Nahida,Raiden,Sara
Kazuha,Nahida,Raiden,Yae
Kazuha,Raiden,Sara,Yae
Nahida,Ningguang,Raiden,Xingqiu
Nahida,Raiden,Tartaglia,Xingqiu
Nahida,Raiden,TravelerDendro,Xingqiu
Nahida,Raiden,Xiao,Xingqiu
Nahida,Raiden,Xingqiu,Yelan
Nahida,Razor,Xingqiu,Yelan
Nahida,TravelerElectro,Xingqiu,Yelan
Nahida,Xingqiu,Yanfei,Yelan
Raiden,Sara,Sucrose,Yae
Raiden,Sucrose,Xingqiu,Yelan
Raiden,Xiangling,Xingqiu,Yelan
Rosaria,Xinyan,Yun Jin,Zhongli
Rosaria,Yae,Yun Jin,Zhongli
Nilou,Xingqiu,Yelan,Zhongli
Jean,TravelerAnemo,Venti,Xiao
Ayaka,Chongyun,Ganyu,Venti
Ayaka,Ganyu,Kazuha,Shenhe
Ayaka,Ganyu,Shenhe,Venti
Barbara,Diona,Qiqi,Sayu
Bennett,Kazuha,Tartaglia,Yun Jin
Chongyun,Ganyu,Shenhe,Venti
Collei,Nahida,Tighnari,Zhongli
Eula,Rosaria,Xingqiu,Yelan
Fischl,Rosaria,Yun Jin,Zhongli
Ganyu,Gorou,Qiqi,Zhongli
Fischl,Nahida,Razor,Xingqiu
Kazuha,Raiden,TravelerDendro,Yae
Collei,Fischl,Kazuha,Keqing
Albedo,Gorou,Itto,Mona
Collei,Fischl,Kazuha,Keqing
Fischl,Xingqiu,Yae,Yelan
