Character 1,Character 2,Character 3,Character 4,Character 1,Character 2,Character 3,Character 4
Cyno,Nahida,Fischl,Zhongli,Itto,Gorou,Albedo,Shinobu
Cyno,Nahida,Fischl,Jean,Itto,Gorou,Albedo,Xinyan
Cyno,Nahida,Fischl,Sayu,Itto,Gorou,Albedo,Diona
Cyno,TravelerDendro,Fischl,Zhongli,Itto,Gorou,Albedo,Barbara
Cyno,TravelerDendro,Fischl,Jean,Itto,Gorou,Albedo,Qiqi
Cyno,TravelerDendro,Fischl,Sayu,Itto,Gorou,Albedo,Dori
Cyno,Collei,Fischl,Zhongli,Itto,Gorou,Albedo,Kokomi
Cyno,Collei,Beidou,Zhongli,Itto,Gorou,Albedo,Zhongli
Cyno,Collei,Albedo,Zhongli,Itto,Gorou,Bennett,Zhongli
Cyno,Collei,Fischl,Jean,Diluc,Xingqiu,Sucrose,Bennett
Cyno,Collei,Fischl,Sayu,Diluc,Xingqiu,Sucrose,Diona
Cyno,Collei,Beidou,Jean,Diluc,Xingqiu,Sucrose,Barbara
Cyno,Collei,Beidou,Sayu,Diluc,Xingqiu,Sucrose,Qiqi
Cyno,Collei,Yae,Zhongli,Diluc,Xingqiu,Sucrose,Zhongli
Cyno,Collei,Yae,Jean,Diluc,Xingqiu,Sucrose,Kokomi
Cyno,Collei,Yae,Sayu,Diluc,Xingqiu,Sucrose,Dori
Cyno,Collei,Kazuha,Shinobu,Diluc,Xingqiu,Sucrose,Shinobu
Cyno,Collei,Kazuha,Dori,Diluc,Xingqiu,Kazuha,Bennett
Cyno,Collei,Sucrose,Shinobu,Diluc,Xingqiu,Kazuha,Diona
Cyno,Collei,Sucrose,Dori,Diluc,Xingqiu,Kazuha,Barbara
Cyno,Collei,Yun Jin,Shinobu,Diluc,Xingqiu,Kazuha,Qiqi
Cyno,Collei,Albedo,Dori,Diluc,Xingqiu,Kazuha,Zhongli
Cyno,Nahida,Yelan,Shinobu,Diluc,Xingqiu,Kazuha,Kokomi
Cyno,Nahida,Yelan,Dori,Diluc,Xingqiu,Kazuha,Dori
Cyno,TravelerDendro,Yelan,Shinobu,Diluc,Xingqiu,Kazuha,Shinobu
Cyno,TravelerDendro,Yelan,Dori,Diluc,Xingqiu,Albedo,Bennett
Cyno,Collei,Yelan,Shinobu,Diluc,Xingqiu,Albedo,Diona
Cyno,Collei,Yelan,Dori,Diluc,Xingqiu,Albedo,Barbara
Cyno,Collei,Xingqiu,Shinobu,Diluc,Xingqiu,Albedo,Qiqi
Cyno,Collei,Xingqiu,Dori,Diluc,Xingqiu,Albedo,Zhongli
Eula,Fischl,Rosaria,Diona,Diluc,Xingqiu,Albedo,Jean
Eula,Fischl,Rosaria,Qiqi,Diluc,Xingqiu,Albedo,Sayu
Eula,Fischl,Rosaria,Jean,Diluc,Xingqiu,Albedo,Kokomi
Eula,Fischl,Rosaria,Sayu,Diluc,Xingqiu,Albedo,Dori
Eula,Fischl,Rosaria,Shinobu,Diluc,Xingqiu,Albedo,Shinobu
Eula,Fischl,Rosaria,Dori,Diluc,Xingqiu,Zhongli,Bennett
Eula,Fischl,Rosaria,Bennett,Diluc,Xingqiu,Zhongli,Diona
Eula,Fischl,Shenhe,Diona,Diluc,Xingqiu,Zhongli,Barbara
Eula,Fischl,Shenhe,Qiqi,Diluc,Xingqiu,Zhongli,Qiqi
Eula,Fischl,Shenhe,Jean,Diluc,Xingqiu,Zhongli,Jean
Eula,Fischl,Shenhe,Sayu,Diluc,Xingqiu,Zhongli,Sayu
Eula,Fischl,Shenhe,Shinobu,Diluc,Xingqiu,Zhongli,Kokomi
Eula,Fischl,Shenhe,Dori,Diluc,Xingqiu,Zhongli,Dori
Eula,Fischl,Shenhe,Bennett,Diluc,Xingqiu,Zhongli,Shinobu
Eula,Fischl,Yelan,Qiqi,Diluc,Yelan,Sucrose,Bennett
Eula,Fischl,Yelan,Jean,Diluc,Yelan,Sucrose,Diona
Eula,Fischl,Yelan,Sayu,Diluc,Yelan,Sucrose,Barbara
Eula,Fischl,Yelan,Shinobu,Diluc,Yelan,Sucrose,Qiqi
Eula,Fischl,Yelan,Dori,Diluc,Yelan,Sucrose,Zhongli
Eula,Fischl,Yelan,Bennett,Diluc,Yelan,Sucrose,Kokomi
Eula,Yae,Rosaria,Diona,Diluc,Yelan,Sucrose,Dori
Eula,Yae,Shenhe,Diona,Diluc,Yelan,Sucrose,Shinobu
Eula,Yae,Yelan,Diona,Diluc,Yelan,Kazuha,Bennett
Eula,Yae,Yelan,Qiqi,Diluc,Yelan,Kazuha,Diona
Eula,Yae,Yelan,Jean,Diluc,Yelan,Kazuha,Barbara
Eula,Yae,Yelan,Sayu,Diluc,Yelan,Kazuha,Qiqi
Eula,Yae,Yelan,Shinobu,Diluc,Yelan,Kazuha,Zhongli
Eula,Yae,Yelan,Dori,Diluc,Yelan,Kazuha,Kokomi
Eula,Yae,Yelan,Bennett,Diluc,Yelan,Kazuha,Dori
Eula,Raiden,Rosaria,Diona,Diluc,Yelan,Kazuha,Shinobu
Eula,Raiden,Shenhe,Diona,Diluc,Yelan,Albedo,Bennett
Eula,Raiden,Yelan,Diona,Diluc,Yelan,Albedo,Diona
Eula,Raiden,Yelan,Qiqi,Diluc,Yelan,Albedo,Barbara
Eula,Raiden,Yelan,Jean,Diluc,Yelan,Albedo,Qiqi
Eula,Raiden,Yelan,Sayu,Diluc,Yelan,Albedo,Zhongli
Eula,Raiden,Yelan,Shinobu,Diluc,Yelan,Albedo,Jean
Eula,Raiden,Yelan,Dori,Diluc,Yelan,Albedo,Sayu
Eula,Raiden,Yelan,Bennett,Diluc,Yelan,Albedo,Kokomi
Ganyu,Kokomi,Venti,Shenhe,Diluc,Yelan,Albedo,Dori
Ganyu,Kokomi,Venti,Rosaria,Diluc,Yelan,Albedo,Shinobu
Ganyu,Kokomi,Venti,Ayaka,Diluc,Yelan,Zhongli,Bennett
Ganyu,Kokomi,Venti,Aloy,Diluc,Yelan,Zhongli,Diona
Ganyu,Kokomi,Kazuha,Shenhe,Diluc,Yelan,Zhongli,Barbara
Ganyu,Kokomi,Kazuha,Rosaria,Diluc,Yelan,Zhongli,Qiqi
Ganyu,Kokomi,Kazuha,Ayaka,Diluc,Yelan,Zhongli,Jean
Ganyu,Kokomi,Sucrose,Shenhe,Diluc,Yelan,Zhongli,Sayu
Ganyu,Kokomi,Sucrose,Rosaria,Diluc,Yelan,Zhongli,Kokomi
Ganyu,Kokomi,Sucrose,Ayaka,Diluc,Yelan,Zhongli,Dori
Ganyu,Ayato,Venti,Shenhe,Diluc,Yelan,Zhongli,Shinobu
Ganyu,Ayato,Venti,Diona,Hu Tao,Xingqiu,Sucrose,Bennett
Ganyu,Ayato,Venti,Rosaria,Hu Tao,Xingqiu,Sucrose,Diona
Ganyu,Ayato,Venti,Ayaka,Hu Tao,Xingqiu,Sucrose,Barbara
Ganyu,Ayato,Venti,Aloy,Hu Tao,Xingqiu,Sucrose,Qiqi
Ganyu,Ayato,Kazuha,Shenhe,Hu Tao,Xingqiu,Sucrose,Zhongli
Ganyu,Ayato,Kazuha,Diona,Hu Tao,Xingqiu,Sucrose,Kokomi
Ganyu,Ayato,Kazuha,Rosaria,Hu Tao,Xingqiu,Sucrose,Dori
Ganyu,Ayato,Kazuha,Ayaka,Hu Tao,Xingqiu,Sucrose,Shinobu
Ganyu,Ayato,Kazuha,Aloy,Hu Tao,Xingqiu,Sucrose,Beidou
Ganyu,Ayato,Sucrose,Shenhe,Hu Tao,Xingqiu,Sucrose,Thoma
Ganyu,Ayato,Sucrose,Diona,Hu Tao,Xingqiu,Sucrose,Xiangling
Ganyu,Ayato,Sucrose,Rosaria,Hu Tao,Xingqiu,Kazuha,Bennett
Ganyu,Ayato,Sucrose,Ayaka,Hu Tao,Xingqiu,Kazuha,Diona
Ganyu,Ayato,Sucrose,Aloy,Hu Tao,Xingqiu,Kazuha,Barbara
Ganyu,Ayato,Sayu,Shenhe,Hu Tao,Xingqiu,Kazuha,Qiqi
Ganyu,Ayato,Sayu,Rosaria,Hu Tao,Xingqiu,Kazuha,Zhongli
Ganyu,Ayato,Sayu,Ayaka,Hu Tao,Xingqiu,Kazuha,Kokomi
Ganyu,Ayato,Sayu,Aloy,Hu Tao,Xingqiu,Kazuha,Dori
Ganyu,Ayato,Jean,Shenhe,Hu Tao,Xingqiu,Kazuha,Shinobu
Ganyu,Ayato,Jean,Rosaria,Hu Tao,Xingqiu,Kazuha,Beidou
Ganyu,Ayato,Jean,Ayaka,Hu Tao,Xingqiu,Kazuha,Thoma
Ganyu,Ayato,Jean,Aloy,Hu Tao,Xingqiu,Kazuha,Xiangling
Ganyu,Mona,Venti,Shenhe,Hu Tao,Xingqiu,Albedo,Bennett
Ganyu,Mona,Venti,Diona,Hu Tao,Xingqiu,Albedo,Diona
Ganyu,Mona,Venti,Rosaria,Hu Tao,Xingqiu,Albedo,Barbara
Ganyu,Mona,Venti,Ayaka,Hu Tao,Xingqiu,Albedo,Qiqi
Ganyu,Mona,Venti,Aloy,Hu Tao,Xingqiu,Albedo,Zhongli
Ganyu,Mona,Kazuha,Shenhe,Hu Tao,Xingqiu,Albedo,Jean
Ganyu,Mona,Kazuha,Diona,Hu Tao,Xingqiu,Albedo,Sayu
Ganyu,Mona,Kazuha,Rosaria,Hu Tao,Xingqiu,Albedo,Kokomi
Ganyu,Mona,Kazuha,Ayaka,Hu Tao,Xingqiu,Albedo,Dori
Ganyu,Mona,Kazuha,Aloy,Hu Tao,Xingqiu,Albedo,Shinobu
Ganyu,Mona,Sucrose,Shenhe,Hu Tao,Xingqiu,Albedo,Beidou
Ganyu,Mona,Sucrose,Diona,Hu Tao,Xingqiu,Albedo,Thoma
Ganyu,Mona,Sucrose,Rosaria,Hu Tao,Xingqiu,Albedo,Xiangling
Ganyu,Mona,Sucrose,Ayaka,Hu Tao,Xingqiu,Zhongli,Bennett
Ganyu,Mona,Sucrose,Aloy,Hu Tao,Xingqiu,Zhongli,Diona
Ganyu,Mona,Sayu,Shenhe,Hu Tao,Xingqiu,Zhongli,Barbara
Ganyu,Mona,Sayu,Rosaria,Hu Tao,Xingqiu,Zhongli,Qiqi
Ganyu,Mona,Sayu,Ayaka,Hu Tao,Xingqiu,Zhongli,Jean
Ganyu,Mona,Sayu,Aloy,Hu Tao,Xingqiu,Zhongli,Sayu
Ganyu,Mona,Jean,Shenhe,Hu Tao,Xingqiu,Zhongli,Kokomi
Ganyu,Mona,Jean,Rosaria,Hu Tao,Xingqiu,Zhongli,Dori
Ganyu,Mona,Jean,Ayaka,Hu Tao,Xingqiu,Zhongli,Shinobu
Ganyu,Mona,Jean,Aloy,Hu Tao,Xingqiu,Zhongli,Beidou
Ganyu,Xiangling,Nahida,Bennett,Hu Tao,Xingqiu,Zhongli,Thoma
Ganyu,Xiangling,TravelerDendro,Bennett,Hu Tao,Xingqiu,Zhongli,Xiangling
Ganyu,Xiangling,Collei,Bennett,Hu Tao,Xingqiu,Yelan,Diona
Hu Tao,Xingqiu,Sucrose,Diona,Hu Tao,Xingqiu,Yelan,Qiqi
Hu Tao,Xingqiu,Kazuha,Diona,Hu Tao,Xingqiu,Yelan,Zhongli
Hu Tao,Xingqiu,Venti,Bennett,Hu Tao,Xingqiu,Yelan,Jean
Hu Tao,Xingqiu,Venti,Diona,Hu Tao,Xingqiu,Yelan,Sayu
Hu Tao,Xingqiu,Venti,Barbara,Hu Tao,Xingqiu,Yelan,Beidou
Hu Tao,Xingqiu,Venti,Qiqi,Hu Tao,Xingqiu,Yelan,Shinobu
Hu Tao,Xingqiu,Venti,Zhongli,Hu Tao,Xingqiu,Yelan,Dori
Hu Tao,Xingqiu,Venti,Kokomi,Hu Tao,Xingqiu,Yelan,Thoma
Hu Tao,Xingqiu,Venti,Dori,Hu Tao,Xingqiu,Yelan,Xiangling
Hu Tao,Xingqiu,Venti,Shinobu,Hu Tao,Xingqiu,Rosaria,Bennett
Hu Tao,Xingqiu,Venti,Beidou,Hu Tao,Xingqiu,Rosaria,Diona
Hu Tao,Xingqiu,Venti,Thoma,Hu Tao,Xingqiu,Rosaria,Qiqi
Hu Tao,Xingqiu,Venti,Xiangling,Hu Tao,Xingqiu,Rosaria,Zhongli
Hu Tao,Xingqiu,Albedo,Diona,Hu Tao,Xingqiu,Rosaria,Jean
Hu Tao,Xingqiu,Zhongli,Diona,Hu Tao,Xingqiu,Rosaria,Sayu
Hu Tao,Xingqiu,Fischl,Diona,Hu Tao,Xingqiu,Rosaria,Beidou
Hu Tao,Xingqiu,Fischl,Barbara,Hu Tao,Xingqiu,Rosaria,Shinobu
Hu Tao,Xingqiu,Fischl,Qiqi,Hu Tao,Xingqiu,Rosaria,Dori
Hu Tao,Xingqiu,Fischl,Zhongli,Hu Tao,Xingqiu,Rosaria,Thoma
Hu Tao,Xingqiu,Fischl,Jean,Hu Tao,Xingqiu,Rosaria,Xiangling
Hu Tao,Xingqiu,Fischl,Sayu,Hu Tao,Yelan,Sucrose,Bennett
Hu Tao,Xingqiu,Fischl,Kokomi,Hu Tao,Yelan,Sucrose,Diona
Hu Tao,Xingqiu,Fischl,Thoma,Hu Tao,Yelan,Sucrose,Barbara
Hu Tao,Xingqiu,Fischl,Xiangling,Hu Tao,Yelan,Sucrose,Qiqi
Hu Tao,Xingqiu,Yae,Diona,Hu Tao,Yelan,Sucrose,Zhongli
Hu Tao,Xingqiu,Beidou,Diona,Hu Tao,Yelan,Sucrose,Kokomi
Hu Tao,Xingqiu,Raiden,Diona,Hu Tao,Yelan,Sucrose,Dori
Hu Tao,Xingqiu,Raiden,Fischl,Hu Tao,Yelan,Sucrose,Shinobu
Hu Tao,Xingqiu,Yelan,Diona,Hu Tao,Yelan,Sucrose,Beidou
Hu Tao,Xingqiu,Yelan,Qiqi,Hu Tao,Yelan,Sucrose,Thoma
Hu Tao,Xingqiu,Yelan,Zhongli,Hu Tao,Yelan,Sucrose,Xiangling
Hu Tao,Xingqiu,Yelan,Jean,Hu Tao,Yelan,Kazuha,Bennett
Hu Tao,Xingqiu,Yelan,Sayu,Hu Tao,Yelan,Kazuha,Diona
Hu Tao,Xingqiu,Yelan,Beidou,Hu Tao,Yelan,Kazuha,Barbara
Hu Tao,Xingqiu,Yelan,Shinobu,Hu Tao,Yelan,Kazuha,Qiqi
Hu Tao,Xingqiu,Yelan,Dori,Hu Tao,Yelan,Kazuha,Zhongli
Hu Tao,Xingqiu,Yelan,Thoma,Hu Tao,Yelan,Kazuha,Kokomi
Hu Tao,Xingqiu,Yelan,Xiangling,Hu Tao,Yelan,Kazuha,Dori
Hu Tao,Xingqiu,Yelan,Fischl,Hu Tao,Yelan,Kazuha,Shinobu
Hu Tao,Xingqiu,Yelan,Yae,Hu Tao,Yelan,Kazuha,Beidou
Hu Tao,Xingqiu,Rosaria,Diona,Hu Tao,Yelan,Kazuha,Thoma
Hu Tao,Yelan,Sucrose,Bennett,Hu Tao,Yelan,Kazuha,Xiangling
Hu Tao,Yelan,Sucrose,Diona,Hu Tao,Yelan,Albedo,Bennett
Hu Tao,Yelan,Sucrose,Barbara,Hu Tao,Yelan,Albedo,Diona
Hu Tao,Yelan,Sucrose,Qiqi,Hu Tao,Yelan,Albedo,Barbara
Hu Tao,Yelan,Sucrose,Zhongli,Hu Tao,Yelan,Albedo,Qiqi
Hu Tao,Yelan,Sucrose,Kokomi,Hu Tao,Yelan,Albedo,Zhongli
Hu Tao,Yelan,Sucrose,Dori,Hu Tao,Yelan,Albedo,Jean
Hu Tao,Yelan,Sucrose,Shinobu,Hu Tao,Yelan,Albedo,Sayu
Hu Tao,Yelan,Sucrose,Beidou,Hu Tao,Yelan,Albedo,Kokomi
Hu Tao,Yelan,Sucrose,Thoma,Hu Tao,Yelan,Albedo,Dori
Hu Tao,Yelan,Sucrose,Xiangling,Hu Tao,Yelan,Albedo,Shinobu
Hu Tao,Yelan,Kazuha,Bennett,Hu Tao,Yelan,Albedo,Beidou
Hu Tao,Yelan,Kazuha,Diona,Hu Tao,Yelan,Albedo,Thoma
Hu Tao,Yelan,Kazuha,Barbara,Hu Tao,Yelan,Albedo,Xiangling
Hu Tao,Yelan,Kazuha,Qiqi,Hu Tao,Yelan,Zhongli,Bennett
Hu Tao,Yelan,Kazuha,Zhongli,Hu Tao,Yelan,Zhongli,Diona
Hu Tao,Yelan,Kazuha,Kokomi,Hu Tao,Yelan,Zhongli,Barbara
Hu Tao,Yelan,Kazuha,Dori,Hu Tao,Yelan,Zhongli,Qiqi
Hu Tao,Yelan,Kazuha,Shinobu,Hu Tao,Yelan,Zhongli,Jean
Hu Tao,Yelan,Kazuha,Beidou,Hu Tao,Yelan,Zhongli,Sayu
Hu Tao,Yelan,Kazuha,Thoma,Hu Tao,Yelan,Zhongli,Kokomi
Hu Tao,Yelan,Kazuha,Xiangling,Hu Tao,Yelan,Zhongli,Dori
Hu Tao,Yelan,Venti,Bennett,Hu Tao,Yelan,Zhongli,Shinobu
Hu Tao,Yelan,Venti,Diona,Hu Tao,Yelan,Zhongli,Beidou
Hu Tao,Yelan,Venti,Barbara,Hu Tao,Yelan,Zhongli,Thoma
Hu Tao,Yelan,Venti,Qiqi,Hu Tao,Yelan,Zhongli,Xiangling
Hu Tao,Yelan,Venti,Zhongli,Ayato,Bennett,Xiangling,Kazuha
Hu Tao,Yelan,Venti,Kokomi,Ayato,Bennett,Xiangling,Sucrose
Hu Tao,Yelan,Venti,Dori,Ayato,Bennett,Xiangling,Albedo
Hu Tao,Yelan,Venti,Shinobu,Ayato,Bennett,Xiangling,Zhongli
Hu Tao,Yelan,Venti,Beidou,Ayato,Bennett,Xiangling,Xingqiu
Hu Tao,Yelan,Venti,Thoma,Ayato,Yun Jin,Kazuha,Bennett
Hu Tao,Yelan,Venti,Xiangling,Ayato,Yun Jin,Kazuha,Zhongli
Hu Tao,Yelan,Albedo,Bennett,Ayato,Yun Jin,Sucrose,Bennett
Hu Tao,Yelan,Albedo,Diona,Ayato,Yun Jin,Sucrose,Zhongli
Hu Tao,Yelan,Albedo,Barbara,Ayato,Yun Jin,Xingqiu,Bennett
Hu Tao,Yelan,Albedo,Qiqi,Ayato,Yun Jin,Xingqiu,Zhongli
Hu Tao,Yelan,Albedo,Zhongli,Ayato,Yun Jin,Yelan,Bennett
Hu Tao,Yelan,Albedo,Jean,Ayato,Yun Jin,Yelan,Zhongli
Hu Tao,Yelan,Albedo,Sayu,Ayato,Kazuha,Xingqiu,Bennett
Hu Tao,Yelan,Albedo,Kokomi,Ayato,Kazuha,Xingqiu,Zhongli
Hu Tao,Yelan,Albedo,Dori,Ayato,Xingqiu,Yelan,Bennett
Hu Tao,Yelan,Albedo,Shinobu,Ayato,Xingqiu,Yelan,Zhongli
Hu Tao,Yelan,Albedo,Beidou,Ayato,Collei,Nahida,Kokomi
Hu Tao,Yelan,Albedo,Thoma,Ayato,Collei,TravelerDendro,Kokomi
Hu Tao,Yelan,Albedo,Xiangling,Ayato,Nahida,TravelerDendro,Kokomi
Hu Tao,Yelan,Zhongli,Bennett,Ayato,Xingqiu,Collei,Kokomi
Hu Tao,Yelan,Zhongli,Diona,Ayato,Xingqiu,Collei,Bennett
Hu Tao,Yelan,Zhongli,Barbara,Ayato,Xingqiu,Nahida,Kokomi
Hu Tao,Yelan,Zhongli,Qiqi,Ayato,Xingqiu,Nahida,Bennett
Hu Tao,Yelan,Zhongli,Jean,Ayato,Xingqiu,TravelerDendro,Kokomi
Hu Tao,Yelan,Zhongli,Sayu,Ayato,Xingqiu,TravelerDendro,Bennett
Hu Tao,Yelan,Zhongli,Kokomi,Ayato,Yelan,Collei,Kokomi
Hu Tao,Yelan,Zhongli,Dori,Ayato,Yelan,Collei,Bennett
Hu Tao,Yelan,Zhongli,Shinobu,Ayato,Yelan,Nahida,Kokomi
Hu Tao,Yelan,Zhongli,Beidou,Ayato,Yelan,Nahida,Bennett
Hu Tao,Yelan,Zhongli,Thoma,Ayato,Yelan,TravelerDendro,Kokomi
Hu Tao,Yelan,Zhongli,Xiangling,Ayato,Yelan,TravelerDendro,Bennett
Hu Tao,Yelan,Fischl,Bennett,Klee,Kazuha,Xiangling,Bennett
Hu Tao,Yelan,Fischl,Diona,Klee,Kazuha,Sucrose,Bennett
Hu Tao,Yelan,Fischl,Barbara,Klee,Kazuha,Zhongli,Bennett
Hu Tao,Yelan,Fischl,Qiqi,Klee,Kazuha,Jean,Bennett
Hu Tao,Yelan,Fischl,Zhongli,Klee,Kazuha,Thoma,Bennett
Hu Tao,Yelan,Fischl,Jean,Klee,Xiangling,Sucrose,Bennett
Hu Tao,Yelan,Fischl,Sayu,Klee,Xiangling,Zhongli,Bennett
Hu Tao,Yelan,Fischl,Kokomi,Klee,Xiangling,Jean,Bennett
Hu Tao,Yelan,Fischl,Thoma,Klee,Xiangling,Thoma,Bennett
Hu Tao,Yelan,Fischl,Xiangling,Klee,Xingqiu,Yelan,Bennett
Hu Tao,Yelan,Yae,Bennett,Klee,Xingqiu,Yelan,Zhongli
Hu Tao,Yelan,Yae,Diona,Klee,Xingqiu,Bennett,Kazuha
Hu Tao,Yelan,Yae,Barbara,Klee,Xingqiu,Bennett,Venti
Hu Tao,Yelan,Yae,Qiqi,Klee,Xingqiu,Bennett,Sucrose
Hu Tao,Yelan,Yae,Zhongli,Klee,Xingqiu,Bennett,Zhongli
Hu Tao,Yelan,Yae,Jean,Ningguang,Albedo,Gorou,Zhongli
Hu Tao,Yelan,Yae,Sayu,Ningguang,Albedo,Gorou,Bennett
Hu Tao,Yelan,Yae,Kokomi,Ningguang,Albedo,Yun Jin,Zhongli
Hu Tao,Yelan,Yae,Thoma,Ningguang,Albedo,Yun Jin,Bennett
Hu Tao,Yelan,Yae,Xiangling,Ningguang,Albedo,Xiangling,Zhongli
Hu Tao,Yelan,Beidou,Bennett,Ningguang,Albedo,Xiangling,Bennett
Hu Tao,Yelan,Beidou,Diona,Ningguang,Gorou,Xiangling,Zhongli
Hu Tao,Yelan,Beidou,Barbara,Ningguang,Gorou,Xiangling,Bennett
Hu Tao,Yelan,Beidou,Qiqi,Ningguang,Yun Jin,Xiangling,Zhongli
Hu Tao,Yelan,Beidou,Zhongli,Ningguang,Yun Jin,Xiangling,Bennett
Hu Tao,Yelan,Beidou,Jean,Nilou,Collei,Nahida,Barbara
Hu Tao,Yelan,Beidou,Sayu,Nilou,Collei,Nahida,Kokomi
Hu Tao,Yelan,Beidou,Kokomi,Nilou,Collei,TravelerDendro,Barbara
Hu Tao,Yelan,Beidou,Thoma,Nilou,Collei,TravelerDendro,Kokomi
Hu Tao,Yelan,Beidou,Fischl,Nilou,Nahida,TravelerDendro,Barbara
Hu Tao,Yelan,Beidou,Xiangling,Nilou,Nahida,TravelerDendro,Kokomi
Hu Tao,Yelan,Raiden,Bennett,Nilou,Ayato,Nahida,Barbara
Hu Tao,Yelan,Raiden,Diona,Nilou,Ayato,Nahida,Kokomi
Hu Tao,Yelan,Raiden,Barbara,Nilou,Ayato,TravelerDendro,Barbara
Hu Tao,Yelan,Raiden,Qiqi,Nilou,Ayato,TravelerDendro,Kokomi
Hu Tao,Yelan,Raiden,Zhongli,Nilou,Xingqiu,Collei,Barbara
Hu Tao,Yelan,Raiden,Jean,Nilou,Xingqiu,Collei,Kokomi
Hu Tao,Yelan,Raiden,Sayu,Nilou,Xingqiu,Nahida,Barbara
Hu Tao,Yelan,Raiden,Kokomi,Nilou,Xingqiu,Nahida,Kokomi
Hu Tao,Yelan,Raiden,Thoma,Nilou,Xingqiu,TravelerDendro,Barbara
Hu Tao,Yelan,Raiden,Fischl,Nilou,Xingqiu,TravelerDendro,Kokomi
Hu Tao,Yelan,Raiden,Xiangling,Nilou,Yelan,Collei,Barbara
Ayaka,Shenhe,Kokomi,Venti,Nilou,Yelan,Collei,Kokomi
Ayaka,Shenhe,Mona,Venti,Nilou,Yelan,Nahida,Barbara
Ayaka,Shenhe,Ayato,Venti,Nilou,Yelan,Nahida,Kokomi
Ayaka,Shenhe,Xingqiu,Venti,Nilou,Yelan,TravelerDendro,Barbara
Ayaka,Shenhe,Yelan,Kazuha,Nilou,Yelan,TravelerDendro,Kokomi
Ayaka,Shenhe,Yelan,Venti,Nilou,Yelan,Albedo,Zhongli
Ayaka,Shenhe,Yelan,Jean,Kokomi,Nahida,Kazuha,Yelan
Ayaka,Shenhe,Yelan,Sucrose,Kokomi,Nahida,Kazuha,Collei
Ayaka,Shenhe,Yelan,Heizou,Kokomi,Nahida,Sucrose,Yelan
Ayaka,Shenhe,Barbara,Venti,Kokomi,Nahida,Sucrose,Collei
Ayaka,Ganyu,Xingqiu,Kazuha,Kokomi,Nahida,Xiangling,Yelan
Ayaka,Ganyu,Xingqiu,Venti,Kokomi,Nahida,Xiangling,Collei
Ayaka,Ganyu,Xingqiu,Jean,Kokomi,Nahida,Mona,Yelan
Ayaka,Ganyu,Xingqiu,Sucrose,Kokomi,Nahida,Mona,Collei
Ayaka,Ganyu,Xingqiu,Heizou,Kokomi,Nahida,Xingqiu,Collei
Ayaka,Ganyu,Yelan,Kazuha,Kokomi,Nahida,Xingqiu,TravelerDendro
Ayaka,Ganyu,Yelan,Venti,Kokomi,Nahida,Yelan,Collei
Ayaka,Ganyu,Yelan,Jean,Kokomi,Nahida,Yelan,TravelerDendro
Ayaka,Ganyu,Yelan,Sucrose,Kokomi,Nahida,Collei,TravelerDendro
Ayaka,Ganyu,Yelan,Heizou,Kokomi,Collei,Kazuha,Sucrose
Ayaka,Ganyu,Barbara,Kazuha,Kokomi,Collei,Kazuha,Xiangling
Ayaka,Ganyu,Barbara,Venti,Kokomi,Collei,Kazuha,Mona
Ayaka,Ganyu,Barbara,Sucrose,Kokomi,Collei,Kazuha,Xingqiu
Ayaka,Ganyu,Barbara,Heizou,Kokomi,Collei,Kazuha,Yelan
Ayaka,Diona,Mona,Kazuha,Kokomi,Collei,Kazuha,Nahida
Ayaka,Diona,Mona,Venti,Kokomi,Collei,Kazuha,TravelerDendro
Ayaka,Diona,Mona,Sucrose,Kokomi,Collei,Sucrose,Xiangling
Ayaka,Diona,Mona,Heizou,Kokomi,Collei,Sucrose,Mona
Ayaka,Diona,Ayato,Kazuha,Kokomi,Collei,Sucrose,Xingqiu
Ayaka,Diona,Ayato,Venti,Kokomi,Collei,Sucrose,Yelan
Ayaka,Diona,Ayato,Sucrose,Kokomi,Collei,Sucrose,Nahida
Ayaka,Diona,Ayato,Heizou,Kokomi,Collei,Sucrose,TravelerDendro
Ayaka,Diona,Xingqiu,Kazuha,Kokomi,Collei,Xiangling,Mona
Ayaka,Diona,Xingqiu,Venti,Kokomi,Collei,Xiangling,Xingqiu
Ayaka,Diona,Xingqiu,Sucrose,Kokomi,Collei,Xiangling,Yelan
Ayaka,Diona,Xingqiu,Heizou,Kokomi,Collei,Xiangling,Nahida
Ayaka,Diona,Yelan,Kazuha,Kokomi,Collei,Xiangling,TravelerDendro
Ayaka,Diona,Yelan,Venti,Kokomi,Collei,Mona,Xingqiu
Ayaka,Diona,Yelan,Sucrose,Kokomi,Collei,Mona,Yelan
Ayaka,Diona,Yelan,Heizou,Kokomi,Collei,Mona,Nahida
Ayaka,Diona,Tartaglia,Kazuha,Kokomi,Collei,Mona,TravelerDendro
Ayaka,Diona,Tartaglia,Venti,Kokomi,Collei,Xingqiu,Yelan
Ayaka,Diona,Tartaglia,Sucrose,Kokomi,Collei,Xingqiu,Nahida
Ayaka,Diona,Tartaglia,Heizou,Kokomi,Collei,Xingqiu,TravelerDendro
Ayaka,Rosaria,Kokomi,Venti,Kokomi,Collei,Yelan,Nahida
Ayaka,Rosaria,Mona,Venti,Kokomi,Collei,Yelan,TravelerDendro
Ayaka,Rosaria,Ayato,Venti,Kokomi,Collei,Nahida,TravelerDendro
Ayaka,Rosaria,Xingqiu,Venti,Kokomi,TravelerDendro,Kazuha,Sucrose
Ayaka,Rosaria,Yelan,Kazuha,Kokomi,TravelerDendro,Kazuha,Xiangling
Ayaka,Rosaria,Yelan,Venti,Kokomi,TravelerDendro,Kazuha,Mona
Ayaka,Rosaria,Yelan,Jean,Kokomi,TravelerDendro,Kazuha,Xingqiu
Ayaka,Rosaria,Yelan,Sucrose,Kokomi,TravelerDendro,Kazuha,Yelan
Ayaka,Shenhe,Kazuha,Zhongli,Kokomi,TravelerDendro,Kazuha,Nahida
Ayaka,Shenhe,Kazuha,Diona,Kokomi,TravelerDendro,Kazuha,Collei
Ayaka,Shenhe,Sucrose,Zhongli,Kokomi,TravelerDendro,Kazuha,Collei
Ayaka,Shenhe,Sucrose,Diona,Kokomi,TravelerDendro,Sucrose,Xiangling
Ayaka,Shenhe,Venti,Zhongli,Kokomi,TravelerDendro,Sucrose,Mona
Ayaka,Shenhe,Venti,Diona,Kokomi,TravelerDendro,Sucrose,Xingqiu
Ayaka,Shenhe,Ganyu,Diona,Kokomi,TravelerDendro,Sucrose,Yelan
Ayaka,Shenhe,Ganyu,Zhongli,Kokomi,TravelerDendro,Sucrose,Nahida
Ayaka,Shenhe,Rosaria,Diona,Kokomi,TravelerDendro,Sucrose,Collei
Ayaka,Shenhe,Rosaria,Zhongli,Kokomi,TravelerDendro,Xiangling,Mona
Tartaglia,Bennett,Fischl,Kazuha,Kokomi,TravelerDendro,Xiangling,Xingqiu
Tartaglia,Bennett,Fischl,Jean,Kokomi,TravelerDendro,Xiangling,Yelan
Tartaglia,Bennett,Fischl,Venti,Kokomi,TravelerDendro,Xiangling,Nahida
Tartaglia,Bennett,Raiden,Venti,Kokomi,TravelerDendro,Xiangling,Collei
Tartaglia,Beidou,Fischl,Bennett,Kokomi,TravelerDendro,Mona,Xingqiu
Tartaglia,Beidou,Fischl,Jean,Kokomi,TravelerDendro,Mona,Yelan
Tartaglia,Beidou,Fischl,Sayu,Kokomi,TravelerDendro,Mona,Nahida
Tartaglia,Beidou,Fischl,Zhongli,Kokomi,TravelerDendro,Mona,Collei
Tartaglia,Yae,Fischl,Bennett,Kokomi,TravelerDendro,Xingqiu,Yelan
Tartaglia,Yae,Fischl,Jean,Kokomi,TravelerDendro,Xingqiu,Nahida
Tartaglia,Yae,Fischl,Sayu,Kokomi,TravelerDendro,Xingqiu,Collei
Tartaglia,Yae,Fischl,Zhongli,Kokomi,TravelerDendro,Yelan,Nahida
Tartaglia,Bennett,Xiangling,Fischl,Kokomi,TravelerDendro,Yelan,Collei
Tartaglia,Bennett,Xiangling,Venti,Kokomi,TravelerDendro,Nahida,Collei
Tartaglia,Yun Jin,Yelan,Bennett,Tartaglia,Bennett,Xiangling,Kazuha
Tartaglia,Yun Jin,Yelan,Jean,Tartaglia,Bennett,Xiangling,Sucrose
Tartaglia,Yun Jin,Yelan,Sayu,Tartaglia,Bennett,Xiangling,Albedo
Tartaglia,Xingqiu,Yelan,Bennett,Tartaglia,Bennett,Xiangling,Zhongli
Tartaglia,Rosaria,Diona,Venti,Tartaglia,Bennett,Xiangling,Xingqiu
Tartaglia,Rosaria,Diona,Kazuha,Tartaglia,Yun Jin,Kazuha,Bennett
Tartaglia,Rosaria,Diona,Sucrose,Tartaglia,Yun Jin,Kazuha,Zhongli
Tartaglia,Collei,Nahida,Kokomi,Tartaglia,Yun Jin,Sucrose,Bennett
Tartaglia,Collei,TravelerDendro,Kokomi,Tartaglia,Yun Jin,Sucrose,Zhongli
Tartaglia,Xingqiu,Collei,Kokomi,Tartaglia,Yun Jin,Xingqiu,Bennett
Tartaglia,Xingqiu,Collei,Bennett,Tartaglia,Yun Jin,Xingqiu,Zhongli
Tartaglia,Yelan,Collei,Kokomi,Tartaglia,Yun Jin,Yelan,Bennett
Tartaglia,Yelan,Collei,Bennett,Tartaglia,Yun Jin,Yelan,Zhongli
Tartaglia,Yelan,Nahida,Kokomi,Tartaglia,Kazuha,Xingqiu,Bennett
Tartaglia,Yelan,Nahida,Bennett,Tartaglia,Kazuha,Xingqiu,Zhongli
Tartaglia,Yelan,TravelerDendro,Kokomi,Tartaglia,Xingqiu,Yelan,Bennett
Tartaglia,Yelan,TravelerDendro,Bennett,Tartaglia,Xingqiu,Yelan,Zhongli
Tartaglia,Fischl,Collei,Kokomi,Tartaglia,Collei,Nahida,Kokomi
Tartaglia,Fischl,Collei,Bennett,Tartaglia,Collei,TravelerDendro,Kokomi
Tartaglia,Fischl,Nahida,Kokomi,Tartaglia,Nahida,TravelerDendro,Kokomi
Tartaglia,Fischl,Nahida,Bennett,Tartaglia,Xingqiu,Collei,Kokomi
Tartaglia,Fischl,TravelerDendro,Kokomi,Tartaglia,Xingqiu,Collei,Bennett
Tartaglia,Fischl,TravelerDendro,Bennett,Tartaglia,Xingqiu,Nahida,Kokomi
Tartaglia,Beidou,Collei,Kokomi,Tartaglia,Xingqiu,Nahida,Bennett
Tartaglia,Beidou,Collei,Bennett,Tartaglia,Xingqiu,TravelerDendro,Kokomi
Tartaglia,Raiden,Collei,Kokomi,Tartaglia,Xingqiu,TravelerDendro,Bennett
Tartaglia,Raiden,Collei,Bennett,Tartaglia,Yelan,Collei,Kokomi
Tartaglia,Yae,Collei,Kokomi,Tartaglia,Yelan,Collei,Bennett
Tartaglia,Yae,Collei,Bennett,Tartaglia,Yelan,Nahida,Kokomi
Nilou,Collei,Nahida,Barbara,Tartaglia,Yelan,Nahida,Bennett
Nilou,Collei,Nahida,Kokomi,Tartaglia,Yelan,TravelerDendro,Kokomi
Nilou,Collei,TravelerDendro,Barbara,Tartaglia,Yelan,TravelerDendro,Bennett
Nilou,Collei,TravelerDendro,Kokomi,,,,
Nilou,Ayato,Collei,Barbara,,,,
Nilou,Ayato,Collei,Kokomi,,,,
Nilou,Xingqiu,Collei,Barbara,,,,
Nilou,Xingqiu,Collei,Kokomi,,,,
Nilou,Yelan,Collei,Barbara,,,,
Nilou,Yelan,Collei,Kokomi,,,,
Nilou,Yelan,Nahida,Barbara,,,,
Nilou,Yelan,Nahida,Kokomi,,,,
Nilou,Yelan,TravelerDendro,Barbara,,,,
Nilou,Yelan,TravelerDendro,Kokomi,,,,
Nilou,Yelan,Albedo,Zhongli,,,,
Raiden,Xingqiu,Yelan,Bennett,,,,
Raiden,Xingqiu,Yelan,Kokomi,,,,
Raiden,Xingqiu,Yelan,Shinobu,,,,
Raiden,Xingqiu,Fischl,Bennett,,,,
Raiden,Xingqiu,Fischl,Kokomi,,,,
Raiden,Xingqiu,Fischl,Jean,,,,
Raiden,Xingqiu,Sara,Bennett,,,,
Raiden,Xingqiu,Sara,Kokomi,,,,
Raiden,Xingqiu,Sara,Jean,,,,
Raiden,Xingqiu,Venti,Bennett,,,,
Raiden,Xingqiu,Venti,Kokomi,,,,
Raiden,Xingqiu,Venti,Jean,,,,
Raiden,Xingqiu,Collei,Bennett,,,,
Raiden,Xingqiu,Collei,Kokomi,,,,
Raiden,Xingqiu,Collei,Jean,,,,
Raiden,Yelan,Mona,Bennett,,,,
Raiden,Yelan,Mona,Kokomi,,,,
Raiden,Yelan,Mona,Shinobu,,,,
Raiden,Yelan,Mona,Jean,,,,
Raiden,Yelan,Yae,Bennett,,,,
Raiden,Yelan,Yae,Kokomi,,,,
Raiden,Yelan,Yae,Shinobu,,,,
Raiden,Yelan,Yae,Jean,,,,
Raiden,Yelan,Fischl,Bennett,,,,
Raiden,Yelan,Fischl,Kokomi,,,,
Raiden,Yelan,Fischl,Shinobu,,,,
Raiden,Yelan,Fischl,Jean,,,,
Raiden,Yelan,Sara,Bennett,,,,
Raiden,Yelan,Sara,Kokomi,,,,
Raiden,Yelan,Sara,Shinobu,,,,
Raiden,Yelan,Sara,Jean,,,,
Raiden,Yelan,Lisa,Bennett,,,,
Raiden,Yelan,Lisa,Kokomi,,,,
Raiden,Yelan,Lisa,Shinobu,,,,
Raiden,Yelan,Lisa,Jean,,,,
Raiden,Yelan,Kazuha,Bennett,,,,
Raiden,Yelan,Kazuha,Kokomi,,,,
Raiden,Yelan,Kazuha,Shinobu,,,,
Raiden,Yelan,Kazuha,Jean,,,,
Raiden,Yelan,Venti,Bennett,,,,
Raiden,Yelan,Venti,Kokomi,,,,
Raiden,Yelan,Venti,Shinobu,,,,
Raiden,Yelan,Venti,Jean,,,,
Raiden,Yelan,Heizou,Bennett,,,,
Raiden,Yelan,Heizou,Kokomi,,,,
Raiden,Yelan,Heizou,Shinobu,,,,
Raiden,Yelan,Heizou,Jean,,,,
Raiden,Yelan,Sucrose,Bennett,,,,
Raiden,Yelan,Sucrose,Kokomi,,,,
Raiden,Yelan,Sucrose,Shinobu,,,,
Raiden,Yelan,Sucrose,Jean,,,,
Raiden,Yelan,TravelerGeo,Bennett,,,,
Raiden,Yelan,TravelerGeo,Kokomi,,,,
Raiden,Yelan,TravelerGeo,Shinobu,,,,
Raiden,Yelan,TravelerGeo,Jean,,,,
Raiden,Yelan,Albedo,Bennett,,,,
Raiden,Yelan,Albedo,Kokomi,,,,
Raiden,Yelan,Albedo,Shinobu,,,,
Raiden,Yelan,Albedo,Jean,,,,
Raiden,Yelan,Collei,Bennett,,,,
Raiden,Yelan,Collei,Kokomi,,,,
Raiden,Yelan,Collei,Shinobu,,,,
Raiden,Yelan,Collei,Jean,,,,
Raiden,Yelan,Nahida,Bennett,,,,
Raiden,Yelan,Nahida,Kokomi,,,,
Raiden,Yelan,Nahida,Shinobu,,,,
Raiden,Yelan,Nahida,Jean,,,,
Raiden,Yelan,TravelerDendro,Bennett,,,,
Raiden,Yelan,TravelerDendro,Kokomi,,,,
Raiden,Yelan,TravelerDendro,Shinobu,,,,
Raiden,Yelan,TravelerDendro,Jean,,,,
Raiden,Mona,Fischl,Bennett,,,,
Raiden,Mona,Fischl,Kokomi,,,,
Raiden,Mona,Fischl,Jean,,,,
Raiden,Mona,Fischl,Zhongli,,,,
Raiden,Mona,Collei,Bennett,,,,
Raiden,Mona,Collei,Kokomi,,,,
Raiden,Mona,Collei,Jean,,,,
Raiden,Yae,Fischl,Bennett,,,,
Raiden,Yae,Fischl,Kokomi,,,,
Raiden,Yae,Fischl,Jean,,,,
Raiden,Yae,Sara,Kokomi,,,,
Raiden,Yae,Sara,Shinobu,,,,
Raiden,Yae,Sara,Bennett,,,,
Raiden,Yae,Collei,Bennett,,,,
Raiden,Yae,Collei,Kokomi,,,,
Raiden,Yae,Collei,Jean,,,,
Raiden,Fischl,Sara,Bennett,,,,
Raiden,Fischl,Sara,Kokomi,,,,
Raiden,Fischl,Sara,Jean,,,,
Raiden,Fischl,Kazuha,Bennett,,,,
Raiden,Fischl,Kazuha,Kokomi,,,,
Raiden,Fischl,Venti,Bennett,,,,
Raiden,Fischl,Venti,Kokomi,,,,
Raiden,Fischl,Sucrose,Bennett,,,,
Raiden,Fischl,Sucrose,Kokomi,,,,
Raiden,Fischl,Collei,Bennett,,,,
Raiden,Fischl,Collei,Kokomi,,,,
Raiden,Fischl,Collei,Jean,,,,
Raiden,Fischl,Nahida,Bennett,,,,
Raiden,Fischl,Nahida,Kokomi,,,,
Raiden,Fischl,Nahida,Jean,,,,
Raiden,Fischl,TravelerDendro,Bennett,,,,
Raiden,Fischl,TravelerDendro,Kokomi,,,,
Raiden,Fischl,TravelerDendro,Jean,,,,
Raiden,Sara,Kazuha,Bennett,,,,
Raiden,Sara,Kazuha,Kokomi,,,,
Raiden,Sara,Venti,Bennett,,,,
Raiden,Sara,Venti,Kokomi,,,,
Raiden,Sara,Sucrose,Bennett,,,,
Raiden,Sara,Sucrose,Kokomi,,,,
Raiden,Sara,Collei,Bennett,,,,
Raiden,Sara,Collei,Kokomi,,,,
Raiden,Sara,Collei,Jean,,,,
Raiden,Sara,Nahida,Bennett,,,,
Raiden,Sara,Nahida,Kokomi,,,,
Raiden,Sara,Nahida,Jean,,,,
Raiden,Sara,TravelerDendro,Bennett,,,,
Raiden,Sara,TravelerDendro,Kokomi,,,,
Raiden,Sara,TravelerDendro,Jean,,,,
Raiden,Albedo,Collei,Bennett,,,,
Raiden,Albedo,Collei,Kokomi,,,,
Raiden,Albedo,Collei,Jean,,,,
Raiden,Collei,Nahida,Bennett,,,,
Raiden,Collei,Nahida,Kokomi,,,,
Raiden,Collei,Nahida,Jean,,,,
Raiden,Collei,TravelerDendro,Bennett,,,,
Raiden,Collei,TravelerDendro,Kokomi,,,,
Raiden,Collei,TravelerDendro,Jean,,,,
Kokomi,Nahida,Fischl,Beidou,,,,
Kokomi,Nahida,Fischl,Kazuha,,,,
Kokomi,Nahida,Fischl,Sucrose,,,,
Kokomi,Nahida,Fischl,Xiangling,,,,
Kokomi,Nahida,Fischl,Mona,,,,
Kokomi,Nahida,Fischl,Xingqiu,,,,
Kokomi,Nahida,Fischl,Yelan,,,,
Kokomi,Nahida,Fischl,Collei,,,,
Kokomi,Nahida,Fischl,TravelerDendro,,,,
Kokomi,Nahida,Beidou,Yelan,,,,
Kokomi,Nahida,Beidou,Collei,,,,
Kokomi,Nahida,Kazuha,Yelan,,,,
Kokomi,Nahida,Kazuha,Collei,,,,
Kokomi,Nahida,Sucrose,Yelan,,,,
Kokomi,Nahida,Sucrose,Collei,,,,
Kokomi,Nahida,Xiangling,Yelan,,,,
Kokomi,Nahida,Xiangling,Collei,,,,
Kokomi,Nahida,Mona,Yelan,,,,
Kokomi,Nahida,Mona,Collei,,,,
Kokomi,Nahida,Xingqiu,Collei,,,,
Kokomi,Nahida,Xingqiu,TravelerDendro,,,,
Kokomi,Nahida,Yelan,Collei,,,,
Kokomi,Nahida,Yelan,TravelerDendro,,,,
Kokomi,Nahida,Collei,TravelerDendro,,,,
Kokomi,Collei,Fischl,Beidou,,,,
Kokomi,Collei,Fischl,Kazuha,,,,
Kokomi,Collei,Fischl,Sucrose,,,,
Kokomi,Collei,Fischl,Xiangling,,,,
Kokomi,Collei,Fischl,Mona,,,,
Kokomi,Collei,Fischl,Xingqiu,,,,
Kokomi,Collei,Fischl,Yelan,,,,
Kokomi,Collei,Fischl,Nahida,,,,
Kokomi,Collei,Fischl,TravelerDendro,,,,
Kokomi,Collei,Beidou,Kazuha,,,,
Kokomi,Collei,Beidou,Sucrose,,,,
Kokomi,Collei,Beidou,Xiangling,,,,
Kokomi,Collei,Beidou,Mona,,,,
Kokomi,Collei,Beidou,Xingqiu,,,,
Kokomi,Collei,Beidou,Yelan,,,,
Kokomi,Collei,Beidou,Nahida,,,,
Kokomi,Collei,Beidou,TravelerDendro,,,,
Kokomi,Collei,Kazuha,Sucrose,,,,
Kokomi,Collei,Kazuha,Xiangling,,,,
Kokomi,Collei,Kazuha,Mona,,,,
Kokomi,Collei,Kazuha,Xingqiu,,,,
Kokomi,Collei,Kazuha,Yelan,,,,
Kokomi,Collei,Kazuha,Nahida,,,,
Kokomi,Collei,Kazuha,TravelerDendro,,,,
Kokomi,Collei,Sucrose,Xiangling,,,,
Kokomi,Collei,Sucrose,Mona,,,,
Kokomi,Collei,Sucrose,Xingqiu,,,,
Kokomi,Collei,Sucrose,Yelan,,,,
Kokomi,Collei,Sucrose,Nahida,,,,
Kokomi,Collei,Sucrose,TravelerDendro,,,,
Kokomi,Collei,Xiangling,Mona,,,,
Kokomi,Collei,Xiangling,Xingqiu,,,,
Kokomi,Collei,Xiangling,Yelan,,,,
Kokomi,Collei,Xiangling,Nahida,,,,
Kokomi,Collei,Xiangling,TravelerDendro,,,,
Kokomi,Collei,Mona,Xingqiu,,,,
Kokomi,Collei,Mona,Yelan,,,,
Kokomi,Collei,Mona,Nahida,,,,
Kokomi,Collei,Mona,TravelerDendro,,,,
Kokomi,Collei,Xingqiu,Yelan,,,,
Kokomi,Collei,Xingqiu,Nahida,,,,
Kokomi,Collei,Xingqiu,TravelerDendro,,,,
Kokomi,Collei,Yelan,Nahida,,,,
Kokomi,Collei,Yelan,TravelerDendro,,,,
Kokomi,Collei,Nahida,TravelerDendro,,,,
Kokomi,TravelerDendro,Fischl,Beidou,,,,
Kokomi,TravelerDendro,Fischl,Kazuha,,,,
Kokomi,TravelerDendro,Fischl,Sucrose,,,,
Kokomi,TravelerDendro,Fischl,Xiangling,,,,
Kokomi,TravelerDendro,Fischl,Mona,,,,
Kokomi,TravelerDendro,Fischl,Xingqiu,,,,
Kokomi,TravelerDendro,Fischl,Yelan,,,,
Kokomi,TravelerDendro,Fischl,Nahida,,,,
Kokomi,TravelerDendro,Fischl,Collei,,,,
Kokomi,TravelerDendro,Beidou,Yelan,,,,
Kokomi,TravelerDendro,Beidou,Collei,,,,
Kokomi,TravelerDendro,Kazuha,Yelan,,,,
Kokomi,TravelerDendro,Kazuha,Collei,,,,
Kokomi,TravelerDendro,Sucrose,Yelan,,,,
Kokomi,TravelerDendro,Sucrose,Collei,,,,
Kokomi,TravelerDendro,Xiangling,Yelan,,,,
Kokomi,TravelerDendro,Xiangling,Collei,,,,
Kokomi,TravelerDendro,Mona,Yelan,,,,
Kokomi,TravelerDendro,Mona,Collei,,,,
Kokomi,TravelerDendro,Xingqiu,Yelan,,,,
Kokomi,TravelerDendro,Xingqiu,Collei,,,,
Kokomi,TravelerDendro,Yelan,Nahida,,,,
Kokomi,TravelerDendro,Yelan,Collei,,,,
Kokomi,TravelerDendro,Nahida,Collei,,,,
Tighnari,Fischl,TravelerDendro,Bennett,,,,
Tighnari,Fischl,TravelerDendro,Jean,,,,
Tighnari,Fischl,TravelerDendro,Kokomi,,,,
Tighnari,Fischl,TravelerDendro,Shinobu,,,,
Tighnari,Fischl,TravelerDendro,Dori,,,,
Tighnari,Fischl,Collei,Bennett,,,,
Tighnari,Fischl,Collei,Jean,,,,
Tighnari,Fischl,Collei,Kokomi,,,,
Tighnari,Fischl,Collei,Shinobu,,,,
Tighnari,Fischl,Collei,Dori,,,,
Tighnari,Fischl,Nahida,Bennett,,,,
Tighnari,Fischl,Nahida,Jean,,,,
Tighnari,Fischl,Nahida,Kokomi,,,,
Tighnari,Fischl,Nahida,Shinobu,,,,
Tighnari,Fischl,Nahida,Dori,,,,
Tighnari,Fischl,Kazuha,Bennett,,,,
Tighnari,Fischl,Kazuha,Kokomi,,,,
Tighnari,Fischl,Kazuha,Shinobu,,,,
Tighnari,Fischl,Kazuha,Dori,,,,
Tighnari,Fischl,Sucrose,Bennett,,,,
Tighnari,Fischl,Sucrose,Kokomi,,,,
Tighnari,Fischl,Sucrose,Shinobu,,,,
Tighnari,Fischl,Sucrose,Dori,,,,
Tighnari,Fischl,Venti,Bennett,,,,
Tighnari,Fischl,Venti,Kokomi,,,,
Tighnari,Fischl,Venti,Shinobu,,,,
Tighnari,Fischl,Venti,Dori,,,,
Tighnari,Fischl,Yae,Bennett,,,,
Tighnari,Fischl,Yae,Jean,,,,
Tighnari,Fischl,Yae,Kokomi,,,,
Tighnari,Fischl,Raiden,Bennett,,,,
Tighnari,Fischl,Raiden,Jean,,,,
Tighnari,Fischl,Raiden,Kokomi,,,,
Tighnari,Yae,Collei,Bennett,,,,
Tighnari,Yae,Collei,Jean,,,,
Tighnari,Yae,Collei,Kokomi,,,,
Tighnari,Yae,Collei,Shinobu,,,,
Tighnari,Yae,Collei,Dori,,,,
Tighnari,Yae,Venti,Bennett,,,,
Tighnari,Yae,Venti,Jean,,,,
Tighnari,Yae,Venti,Kokomi,,,,
Tighnari,Yae,Venti,Shinobu,,,,
Tighnari,Yae,Venti,Dori,,,,
Tighnari,Raiden,Collei,Bennett,,,,
Tighnari,Raiden,Collei,Jean,,,,
Tighnari,Raiden,Collei,Kokomi,,,,
Tighnari,Raiden,Collei,Shinobu,,,,
Tighnari,Raiden,Collei,Dori,,,,
Tighnari,Raiden,Venti,Bennett,,,,
Tighnari,Raiden,Venti,Jean,,,,
Tighnari,Raiden,Venti,Kokomi,,,,
Tighnari,Raiden,Venti,Shinobu,,,,
Tighnari,Raiden,Venti,Dori,,,,
